{
  "project_info": {
    "project_number": "400071785366",
    "project_id": "electricbus-86781",
    "storage_bucket": "electricbus-86781.appspot.com"
  },
  "client": [
    {
      "client_info": {
        "mobilesdk_app_id": "1:400071785366:android:13945a01474520d95abbb7",
        "android_client_info": {
          "package_name": "com.example.electricbus"
        }
      },
      "oauth_client": [
        {
          "client_id": "400071785366-273ilqfemfdbnv7lgfanv8n859toerc3.apps.googleusercontent.com",
          "client_type": 3
        }
      ],
      "api_key": [
        {
          "current_key": "AIzaSyBtQMbrQn_4K2rxL171HI09B2QDagm4ZUI"
        }
      ],
      "services": {
        "appinvite_service": {
          "other_platform_oauth_client": [
            {
              "client_id": "400071785366-273ilqfemfdbnv7lgfanv8n859toerc3.apps.googleusercontent.com",
              "client_type": 3
            }
          ]
        }
      }
    }
  ],
  "configuration_version": "1"
}